﻿Code Domaine,Domaine,Code zone (FAO),Zone,Code ?l?ment,?l?ment,Code Produit,Produit,Code ann?e,Ann?e,Unit?,Valeur,Symbole,Description du Symbole
"FBS","Bilans Alimentaires (2010-)","2","Afghanistan","511","Population totale","2501","Population","2017","2017","1000 personnes","36296","*","Chiffre non officiel"
"FBS","Bilans Alimentaires (2010-)","202","Afrique du Sud","511","Population totale","2501","Population","2017","2017","1000 personnes","57010","*","Chiffre non officiel"
"FBS","Bilans Alimentaires (2010-)","3","Albanie","511","Population totale","2501","Population","2017","2017","1000 personnes","2884","*","Chiffre non officiel"
"FBS","Bilans Alimentaires (2010-)","4","Alg?rie","511","Population totale","2501","Population","2017","2017","1000 personnes","41389","*","Chiffre non officiel"
"FBS","Bilans Alimentaires (2010-)","79","Allemagne","511","Population totale","2501","Population","2017","2017","1000 personnes","82658","*","Chiffre non officiel"
"FBS","Bilans Alimentaires (2010-)","7","Angola","511","Population totale","2501","Population","2017","2017","1000 personnes","29817","*","Chiffre non officiel"
"FBS","Bilans Alimentaires (2010-)","8","Antigua-et-Barbuda","511","Population totale","2501","Population","2017","2017","1000 personnes","95","*","Chiffre non officiel"
"FBS","Bilans Alimentaires (2010-)","194","Arabie saoudite","511","Population totale","2501","Population","2017","2017","1000 personnes","33101","*","Chiffre non officiel"
"FBS","Bilans Alimentaires (2010-)","9","Argentine","511","Population totale","2501","Population","2017","2017","1000 personnes","43937","*","Chiffre non officiel"
"FBS","Bilans Alimentaires (2010-)","1","Arm?nie","511","Population totale","2501","Population","2017","2017","1000 personnes","2945","*","Chiffre non officiel"
"FBS","Bilans Alimentaires (2010-)","10","Australie","511","Population totale","2501","Population","2017","2017","1000 personnes","24585","*","Chiffre non officiel"
"FBS","Bilans Alimentaires (2010-)","11","Autriche","511","Population totale","2501","Population","2017","2017","1000 personnes","8820","*","Chiffre non officiel"
"FBS","Bilans Alimentaires (2010-)","52","Azerba?djan","511","Population totale","2501","Population","2017","2017","1000 personnes","9845","*","Chiffre non officiel"
"FBS","Bilans Alimentaires (2010-)","12","Bahamas","511","Population totale","2501","Population","2017","2017","1000 personnes","382","*","Chiffre non officiel"
"FBS","Bilans Alimentaires (2010-)","16","Bangladesh","511","Population totale","2501","Population","2017","2017","1000 personnes","159685","*","Chiffre non officiel"
"FBS","Bilans Alimentaires (2010-)","14","Barbade","511","Population totale","2501","Population","2017","2017","1000 personnes","286","*","Chiffre non officiel"
"FBS","Bilans Alimentaires (2010-)","57","B?larus","511","Population totale","2501","Population","2017","2017","1000 personnes","9450","*","Chiffre non officiel"
"FBS","Bilans Alimentaires (2010-)","255","Belgique","511","Population totale","2501","Population","2017","2017","1000 personnes","11420","*","Chiffre non officiel"
"FBS","Bilans Alimentaires (2010-)","23","Belize","511","Population totale","2501","Population","2017","2017","1000 personnes","376","*","Chiffre non officiel"
"FBS","Bilans Alimentaires (2010-)","53","B?nin","511","Population totale","2501","Population","2017","2017","1000 personnes","11175","*","Chiffre non officiel"
"FBS","Bilans Alimentaires (2010-)","19","Bolivie (?tat plurinational de)","511","Population totale","2501","Population","2017","2017","1000 personnes","11193","*","Chiffre non officiel"
"FBS","Bilans Alimentaires (2010-)","80","Bosnie-Herz?govine","511","Population totale","2501","Population","2017","2017","1000 personnes","3352","*","Chiffre non officiel"
"FBS","Bilans Alimentaires (2010-)","20","Botswana","511","Population totale","2501","Population","2017","2017","1000 personnes","2205","*","Chiffre non officiel"
"FBS","Bilans Alimentaires (2010-)","21","Br?sil","511","Population totale","2501","Population","2017","2017","1000 personnes","207834","*","Chiffre non officiel"
"FBS","Bilans Alimentaires (2010-)","27","Bulgarie","511","Population totale","2501","Population","2017","2017","1000 personnes","7102","*","Chiffre non officiel"
"FBS","Bilans Alimentaires (2010-)","233","Burkina Faso","511","Population totale","2501","Population","2017","2017","1000 personnes","19193","*","Chiffre non officiel"
"FBS","Bilans Alimentaires (2010-)","29","Burundi","511","Population totale","2501","Population","2017","2017","1000 personnes","10827.02","*","Chiffre non officiel"
"FBS","Bilans Alimentaires (2010-)","35","Cabo Verde","511","Population totale","2501","Population","2017","2017","1000 personnes","537","*","Chiffre non officiel"
"FBS","Bilans Alimentaires (2010-)","115","Cambodge","511","Population totale","2501","Population","2017","2017","1000 personnes","16009","*","Chiffre non officiel"
"FBS","Bilans Alimentaires (2010-)","32","Cameroun","511","Population totale","2501","Population","2017","2017","1000 personnes","24566","*","Chiffre non officiel"
"FBS","Bilans Alimentaires (2010-)","33","Canada","511","Population totale","2501","Population","2017","2017","1000 personnes","36732","*","Chiffre non officiel"
"FBS","Bilans Alimentaires (2010-)","40","Chili","511","Population totale","2501","Population","2017","2017","1000 personnes","18470","*","Chiffre non officiel"
"FBS","Bilans Alimentaires (2010-)","351","Chine","511","Population totale","2501","Population","2017","2017","1000 personnes","1452626","A","Agr?gat, peut inclure des donn?es officielles, semi-officielles, estim?es ou calcul?es"
"FBS","Bilans Alimentaires (2010-)","96","Chine - RAS de Hong-Kong","511","Population totale","2501","Population","2017","2017","1000 personnes","7306","*","Chiffre non officiel"
"FBS","Bilans Alimentaires (2010-)","128","Chine - RAS de Macao","511","Population totale","2501","Population","2017","2017","1000 personnes","623","*","Chiffre non officiel"
"FBS","Bilans Alimentaires (2010-)","41","Chine, continentale","511","Population totale","2501","Population","2017","2017","1000 personnes","1421022","*","Chiffre non officiel"
"FBS","Bilans Alimentaires (2010-)","214","Chine, Taiwan Province de","511","Population totale","2501","Population","2017","2017","1000 personnes","23675","*","Chiffre non officiel"
"FBS","Bilans Alimentaires (2010-)","50","Chypre","511","Population totale","2501","Population","2017","2017","1000 personnes","1180","*","Chiffre non officiel"
"FBS","Bilans Alimentaires (2010-)","44","Colombie","511","Population totale","2501","Population","2017","2017","1000 personnes","48910","*","Chiffre non officiel"
"FBS","Bilans Alimentaires (2010-)","45","Comores","511","Population totale","2501","Population","2017","2017","1000 personnes","814","*","Chiffre non officiel"
"FBS","Bilans Alimentaires (2010-)","46","Congo","511","Population totale","2501","Population","2017","2017","1000 personnes","5111","*","Chiffre non officiel"
"FBS","Bilans Alimentaires (2010-)","48","Costa Rica","511","Population totale","2501","Population","2017","2017","1000 personnes","4950","*","Chiffre non officiel"
"FBS","Bilans Alimentaires (2010-)","107","C?te d'Ivoire","511","Population totale","2501","Population","2017","2017","1000 personnes","24437","*","Chiffre non officiel"
"FBS","Bilans Alimentaires (2010-)","98","Croatie","511","Population totale","2501","Population","2017","2017","1000 personnes","4183","*","Chiffre non officiel"
"FBS","Bilans Alimentaires (2010-)","49","Cuba","511","Population totale","2501","Population","2017","2017","1000 personnes","11339","*","Chiffre non officiel"
"FBS","Bilans Alimentaires (2010-)","54","Danemark","511","Population totale","2501","Population","2017","2017","1000 personnes","5732","*","Chiffre non officiel"
"FBS","Bilans Alimentaires (2010-)","72","Djibouti","511","Population totale","2501","Population","2017","2017","1000 personnes","944","*","Chiffre non officiel"
"FBS","Bilans Alimentaires (2010-)","55","Dominique","511","Population totale","2501","Population","2017","2017","1000 personnes","71","*","Chiffre non officiel"
"FBS","Bilans Alimentaires (2010-)","59","?gypte","511","Population totale","2501","Population","2017","2017","1000 personnes","96443","*","Chiffre non officiel"
"FBS","Bilans Alimentaires (2010-)","60","El Salvador","511","Population totale","2501","Population","2017","2017","1000 personnes","6388","*","Chiffre non officiel"
"FBS","Bilans Alimentaires (2010-)","225","?mirats arabes unis","511","Population totale","2501","Population","2017","2017","1000 personnes","9487.2","*","Chiffre non officiel"
"FBS","Bilans Alimentaires (2010-)","58","?quateur","511","Population totale","2501","Population","2017","2017","1000 personnes","16785","*","Chiffre non officiel"
"FBS","Bilans Alimentaires (2010-)","203","Espagne","511","Population totale","2501","Population","2017","2017","1000 personnes","46647","*","Chiffre non officiel"
"FBS","Bilans Alimentaires (2010-)","63","Estonie","511","Population totale","2501","Population","2017","2017","1000 personnes","1319","*","Chiffre non officiel"
"FBS","Bilans Alimentaires (2010-)","209","Eswatini","511","Population totale","2501","Population","2017","2017","1000 personnes","1125","*","Chiffre non officiel"
"FBS","Bilans Alimentaires (2010-)","231","?tats-Unis d'Am?rique","511","Population totale","2501","Population","2017","2017","1000 personnes","325085","*","Chiffre non officiel"
"FBS","Bilans Alimentaires (2010-)","238","?thiopie","511","Population totale","2501","Population","2017","2017","1000 personnes","106400","*","Chiffre non officiel"
"FBS","Bilans Alimentaires (2010-)","185","F?d?ration de Russie","511","Population totale","2501","Population","2017","2017","1000 personnes","145530","*","Chiffre non officiel"
"FBS","Bilans Alimentaires (2010-)","66","Fidji","511","Population totale","2501","Population","2017","2017","1000 personnes","877","*","Chiffre non officiel"
"FBS","Bilans Alimentaires (2010-)","67","Finlande","511","Population totale","2501","Population","2017","2017","1000 personnes","5511","*","Chiffre non officiel"
"FBS","Bilans Alimentaires (2010-)","68","France","511","Population totale","2501","Population","2017","2017","1000 personnes","66769","*","Chiffre non officiel"
"FBS","Bilans Alimentaires (2010-)","74","Gabon","511","Population totale","2501","Population","2017","2017","1000 personnes","2065","*","Chiffre non officiel"
"FBS","Bilans Alimentaires (2010-)","75","Gambie","511","Population totale","2501","Population","2017","2017","1000 personnes","2214","*","Chiffre non officiel"
"FBS","Bilans Alimentaires (2010-)","73","G?orgie","511","Population totale","2501","Population","2017","2017","1000 personnes","4009","*","Chiffre non officiel"
"FBS","Bilans Alimentaires (2010-)","81","Ghana","511","Population totale","2501","Population","2017","2017","1000 personnes","29121","*","Chiffre non officiel"
"FBS","Bilans Alimentaires (2010-)","84","Gr?ce","511","Population totale","2501","Population","2017","2017","1000 personnes","10569","*","Chiffre non officiel"
"FBS","Bilans Alimentaires (2010-)","86","Grenade","511","Population totale","2501","Population","2017","2017","1000 personnes","111","*","Chiffre non officiel"
"FBS","Bilans Alimentaires (2010-)","89","Guatemala","511","Population totale","2501","Population","2017","2017","1000 personnes","16915","*","Chiffre non officiel"
"FBS","Bilans Alimentaires (2010-)","90","Guin?e","511","Population totale","2501","Population","2017","2017","1000 personnes","12068","*","Chiffre non officiel"
"FBS","Bilans Alimentaires (2010-)","175","Guin?e-Bissau","511","Population totale","2501","Population","2017","2017","1000 personnes","1828","*","Chiffre non officiel"
"FBS","Bilans Alimentaires (2010-)","91","Guyana","511","Population totale","2501","Population","2017","2017","1000 personnes","775","*","Chiffre non officiel"
"FBS","Bilans Alimentaires (2010-)","93","Ha?ti","511","Population totale","2501","Population","2017","2017","1000 personnes","10982","*","Chiffre non officiel"
"FBS","Bilans Alimentaires (2010-)","95","Honduras","511","Population totale","2501","Population","2017","2017","1000 personnes","9429","*","Chiffre non officiel"
"FBS","Bilans Alimentaires (2010-)","97","Hongrie","511","Population totale","2501","Population","2017","2017","1000 personnes","9730","*","Chiffre non officiel"
"FBS","Bilans Alimentaires (2010-)","25","?les Salomon","511","Population totale","2501","Population","2017","2017","1000 personnes","636","*","Chiffre non officiel"
"FBS","Bilans Alimentaires (2010-)","100","Inde","511","Population totale","2501","Population","2017","2017","1000 personnes","1338677","*","Chiffre non officiel"
"FBS","Bilans Alimentaires (2010-)","101","Indon?sie","511","Population totale","2501","Population","2017","2017","1000 personnes","264651","*","Chiffre non officiel"
"FBS","Bilans Alimentaires (2010-)","102","Iran (R?publique islamique d')","511","Population totale","2501","Population","2017","2017","1000 personnes","80674","*","Chiffre non officiel"
"FBS","Bilans Alimentaires (2010-)","103","Iraq","511","Population totale","2501","Population","2017","2017","1000 personnes","32210","*","Chiffre non officiel"
"FBS","Bilans Alimentaires (2010-)","104","Irlande","511","Population totale","2501","Population","2017","2017","1000 personnes","4753","*","Chiffre non officiel"
"FBS","Bilans Alimentaires (2010-)","99","Islande","511","Population totale","2501","Population","2017","2017","1000 personnes","334","*","Chiffre non officiel"
"FBS","Bilans Alimentaires (2010-)","105","Isra?l","511","Population totale","2501","Population","2017","2017","1000 personnes","8244","*","Chiffre non officiel"
"FBS","Bilans Alimentaires (2010-)","106","Italie","511","Population totale","2501","Population","2017","2017","1000 personnes","60674","*","Chiffre non officiel"
"FBS","Bilans Alimentaires (2010-)","109","Jama?que","511","Population totale","2501","Population","2017","2017","1000 personnes","2921","*","Chiffre non officiel"
"FBS","Bilans Alimentaires (2010-)","110","Japon","511","Population totale","2501","Population","2017","2017","1000 personnes","127503","*","Chiffre non officiel"
"FBS","Bilans Alimentaires (2010-)","112","Jordanie","511","Population totale","2501","Population","2017","2017","1000 personnes","9786","*","Chiffre non officiel"
"FBS","Bilans Alimentaires (2010-)","108","Kazakhstan","511","Population totale","2501","Population","2017","2017","1000 personnes","18080","*","Chiffre non officiel"
"FBS","Bilans Alimentaires (2010-)","114","Kenya","511","Population totale","2501","Population","2017","2017","1000 personnes","50221","*","Chiffre non officiel"
"FBS","Bilans Alimentaires (2010-)","113","Kirghizistan","511","Population totale","2501","Population","2017","2017","1000 personnes","6190","*","Chiffre non officiel"
"FBS","Bilans Alimentaires (2010-)","83","Kiribati","511","Population totale","2501","Population","2017","2017","1000 personnes","114","*","Chiffre non officiel"
"FBS","Bilans Alimentaires (2010-)","118","Kowe?t","511","Population totale","2501","Population","2017","2017","1000 personnes","4056","*","Chiffre non officiel"
"FBS","Bilans Alimentaires (2010-)","122","Lesotho","511","Population totale","2501","Population","2017","2017","1000 personnes","2092","*","Chiffre non officiel"
"FBS","Bilans Alimentaires (2010-)","119","Lettonie","511","Population totale","2501","Population","2017","2017","1000 personnes","1951","*","Chiffre non officiel"
"FBS","Bilans Alimentaires (2010-)","121","Liban","511","Population totale","2501","Population","2017","2017","1000 personnes","6819","*","Chiffre non officiel"
"FBS","Bilans Alimentaires (2010-)","123","Lib?ria","511","Population totale","2501","Population","2017","2017","1000 personnes","4702","*","Chiffre non officiel"
"FBS","Bilans Alimentaires (2010-)","124","Libye","511","Population totale","2501","Population","2017","2017","1000 personnes","6581","*","Chiffre non officiel"
"FBS","Bilans Alimentaires (2010-)","126","Lituanie","511","Population totale","2501","Population","2017","2017","1000 personnes","2845","*","Chiffre non officiel"
"FBS","Bilans Alimentaires (2010-)","256","Luxembourg","511","Population totale","2501","Population","2017","2017","1000 personnes","592","*","Chiffre non officiel"
"FBS","Bilans Alimentaires (2010-)","154","Mac?doine du Nord","511","Population totale","2501","Population","2017","2017","1000 personnes","2082","*","Chiffre non officiel"
"FBS","Bilans Alimentaires (2010-)","129","Madagascar","511","Population totale","2501","Population","2017","2017","1000 personnes","25571","*","Chiffre non officiel"
"FBS","Bilans Alimentaires (2010-)","131","Malaisie","511","Population totale","2501","Population","2017","2017","1000 personnes","31105","*","Chiffre non officiel"
"FBS","Bilans Alimentaires (2010-)","130","Malawi","511","Population totale","2501","Population","2017","2017","1000 personnes","17670","*","Chiffre non officiel"
"FBS","Bilans Alimentaires (2010-)","132","Maldives","511","Population totale","2501","Population","2017","2017","1000 personnes","496","*","Chiffre non officiel"
"FBS","Bilans Alimentaires (2010-)","133","Mali","511","Population totale","2501","Population","2017","2017","1000 personnes","18512","*","Chiffre non officiel"
"FBS","Bilans Alimentaires (2010-)","134","Malte","511","Population totale","2501","Population","2017","2017","1000 personnes","438","*","Chiffre non officiel"
"FBS","Bilans Alimentaires (2010-)","143","Maroc","511","Population totale","2501","Population","2017","2017","1000 personnes","35581","*","Chiffre non officiel"
"FBS","Bilans Alimentaires (2010-)","137","Maurice","511","Population totale","2501","Population","2017","2017","1000 personnes","1264","*","Chiffre non officiel"
"FBS","Bilans Alimentaires (2010-)","136","Mauritanie","511","Population totale","2501","Population","2017","2017","1000 personnes","4283","*","Chiffre non officiel"
"FBS","Bilans Alimentaires (2010-)","138","Mexique","511","Population totale","2501","Population","2017","2017","1000 personnes","124777","*","Chiffre non officiel"
"FBS","Bilans Alimentaires (2010-)","141","Mongolie","511","Population totale","2501","Population","2017","2017","1000 personnes","3114","*","Chiffre non officiel"
"FBS","Bilans Alimentaires (2010-)","273","Mont?n?gro","511","Population totale","2501","Population","2017","2017","1000 personnes","628","*","Chiffre non officiel"
"FBS","Bilans Alimentaires (2010-)","144","Mozambique","511","Population totale","2501","Population","2017","2017","1000 personnes","28649","*","Chiffre non officiel"
"FBS","Bilans Alimentaires (2010-)","28","Myanmar","511","Population totale","2501","Population","2017","2017","1000 personnes","53383","*","Chiffre non officiel"
"FBS","Bilans Alimentaires (2010-)","147","Namibie","511","Population totale","2501","Population","2017","2017","1000 personnes","2403","*","Chiffre non officiel"
"FBS","Bilans Alimentaires (2010-)","149","N?pal","511","Population totale","2501","Population","2017","2017","1000 personnes","27633","*","Chiffre non officiel"
"FBS","Bilans Alimentaires (2010-)","157","Nicaragua","511","Population totale","2501","Population","2017","2017","1000 personnes","6385","*","Chiffre non officiel"
"FBS","Bilans Alimentaires (2010-)","158","Niger","511","Population totale","2501","Population","2017","2017","1000 personnes","21602","*","Chiffre non officiel"
"FBS","Bilans Alimentaires (2010-)","159","Nig?ria","511","Population totale","2501","Population","2017","2017","1000 personnes","190873","*","Chiffre non officiel"
"FBS","Bilans Alimentaires (2010-)","162","Norv?ge","511","Population totale","2501","Population","2017","2017","1000 personnes","5296","*","Chiffre non officiel"
"FBS","Bilans Alimentaires (2010-)","153","Nouvelle-Cal?donie","511","Population totale","2501","Population","2017","2017","1000 personnes","277","*","Chiffre non officiel"
"FBS","Bilans Alimentaires (2010-)","156","Nouvelle-Z?lande","511","Population totale","2501","Population","2017","2017","1000 personnes","4702","*","Chiffre non officiel"
"FBS","Bilans Alimentaires (2010-)","221","Oman","511","Population totale","2501","Population","2017","2017","1000 personnes","4666","*","Chiffre non officiel"
"FBS","Bilans Alimentaires (2010-)","226","Ouganda","511","Population totale","2501","Population","2017","2017","1000 personnes","41167","*","Chiffre non officiel"
"FBS","Bilans Alimentaires (2010-)","235","Ouzb?kistan","511","Population totale","2501","Population","2017","2017","1000 personnes","31960","*","Chiffre non officiel"
"FBS","Bilans Alimentaires (2010-)","165","Pakistan","511","Population totale","2501","Population","2017","2017","1000 personnes","207906","*","Chiffre non officiel"
"FBS","Bilans Alimentaires (2010-)","166","Panama","511","Population totale","2501","Population","2017","2017","1000 personnes","4107","*","Chiffre non officiel"
"FBS","Bilans Alimentaires (2010-)","168","Papouasie-Nouvelle-Guin?e","511","Population totale","2501","Population","2017","2017","1000 personnes","8438","*","Chiffre non officiel"
"FBS","Bilans Alimentaires (2010-)","169","Paraguay","511","Population totale","2501","Population","2017","2017","1000 personnes","6867","*","Chiffre non officiel"
"FBS","Bilans Alimentaires (2010-)","150","Pays-Bas","511","Population totale","2501","Population","2017","2017","1000 personnes","17021","*","Chiffre non officiel"
"FBS","Bilans Alimentaires (2010-)","170","P?rou","511","Population totale","2501","Population","2017","2017","1000 personnes","31444","*","Chiffre non officiel"
"FBS","Bilans Alimentaires (2010-)","171","Philippines","511","Population totale","2501","Population","2017","2017","1000 personnes","105173","*","Chiffre non officiel"
"FBS","Bilans Alimentaires (2010-)","173","Pologne","511","Population totale","2501","Population","2017","2017","1000 personnes","37953","*","Chiffre non officiel"
"FBS","Bilans Alimentaires (2010-)","70","Polyn?sie fran?aise","511","Population totale","2501","Population","2017","2017","1000 personnes","276","*","Chiffre non officiel"
"FBS","Bilans Alimentaires (2010-)","174","Portugal","511","Population totale","2501","Population","2017","2017","1000 personnes","10289","*","Chiffre non officiel"
"FBS","Bilans Alimentaires (2010-)","212","R?publique arabe syrienne","511","Population totale","2501","Population","2017","2017","1000 personnes","17096","*","Chiffre non officiel"
"FBS","Bilans Alimentaires (2010-)","37","R?publique centrafricaine","511","Population totale","2501","Population","2017","2017","1000 personnes","4596","*","Chiffre non officiel"
"FBS","Bilans Alimentaires (2010-)","117","R?publique de Cor?e","511","Population totale","2501","Population","2017","2017","1000 personnes","51096","*","Chiffre non officiel"
"FBS","Bilans Alimentaires (2010-)","146","R?publique de Moldova","511","Population totale","2501","Population","2017","2017","1000 personnes","4060","*","Chiffre non officiel"
"FBS","Bilans Alimentaires (2010-)","250","R?publique d?mocratique du Congo","511","Population totale","2501","Population","2017","2017","1000 personnes","81399","*","Chiffre non officiel"
"FBS","Bilans Alimentaires (2010-)","120","R?publique d?mocratique populaire lao","511","Population totale","2501","Population","2017","2017","1000 personnes","6953","*","Chiffre non officiel"
"FBS","Bilans Alimentaires (2010-)","56","R?publique dominicaine","511","Population totale","2501","Population","2017","2017","1000 personnes","10513","*","Chiffre non officiel"
"FBS","Bilans Alimentaires (2010-)","116","R?publique populaire d?mocratique de Cor?e","511","Population totale","2501","Population","2017","2017","1000 personnes","25430","*","Chiffre non officiel"
"FBS","Bilans Alimentaires (2010-)","215","R?publique-Unie de Tanzanie","511","Population totale","2501","Population","2017","2017","1000 personnes","54660","*","Chiffre non officiel"
"FBS","Bilans Alimentaires (2010-)","183","Roumanie","511","Population totale","2501","Population","2017","2017","1000 personnes","19654","*","Chiffre non officiel"
"FBS","Bilans Alimentaires (2010-)","229","Royaume-Uni de Grande-Bretagne et d'Irlande du Nord","511","Population totale","2501","Population","2017","2017","1000 personnes","66727","*","Chiffre non officiel"
"FBS","Bilans Alimentaires (2010-)","184","Rwanda","511","Population totale","2501","Population","2017","2017","1000 personnes","11981","*","Chiffre non officiel"
"FBS","Bilans Alimentaires (2010-)","189","Sainte-Lucie","511","Population totale","2501","Population","2017","2017","1000 personnes","181","*","Chiffre non officiel"
"FBS","Bilans Alimentaires (2010-)","188","Saint-Kitts-et-Nevis","511","Population totale","2501","Population","2017","2017","1000 personnes","52","*","Chiffre non officiel"
"FBS","Bilans Alimentaires (2010-)","191","Saint-Vincent-et-les Grenadines","511","Population totale","2501","Population","2017","2017","1000 personnes","110","*","Chiffre non officiel"
"FBS","Bilans Alimentaires (2010-)","244","Samoa","511","Population totale","2501","Population","2017","2017","1000 personnes","195","*","Chiffre non officiel"
"FBS","Bilans Alimentaires (2010-)","193","Sao Tom?-et-Principe","511","Population totale","2501","Population","2017","2017","1000 personnes","207","*","Chiffre non officiel"
"FBS","Bilans Alimentaires (2010-)","195","S?n?gal","511","Population totale","2501","Population","2017","2017","1000 personnes","15419","*","Chiffre non officiel"
"FBS","Bilans Alimentaires (2010-)","272","Serbie","511","Population totale","2501","Population","2017","2017","1000 personnes","8830","*","Chiffre non officiel"
"FBS","Bilans Alimentaires (2010-)","196","Seychelles","511","Population totale","2501","Population","2017","2017","1000 personnes","96","*","Chiffre non officiel"
"FBS","Bilans Alimentaires (2010-)","197","Sierra Leone","511","Population totale","2501","Population","2017","2017","1000 personnes","7488","*","Chiffre non officiel"
"FBS","Bilans Alimentaires (2010-)","199","Slovaquie","511","Population totale","2501","Population","2017","2017","1000 personnes","5448","*","Chiffre non officiel"
"FBS","Bilans Alimentaires (2010-)","198","Slov?nie","511","Population totale","2501","Population","2017","2017","1000 personnes","2076","*","Chiffre non officiel"
"FBS","Bilans Alimentaires (2010-)","276","Soudan","511","Population totale","2501","Population","2017","2017","1000 personnes","40813","*","Chiffre non officiel"
"FBS","Bilans Alimentaires (2010-)","38","Sri Lanka","511","Population totale","2501","Population","2017","2017","1000 personnes","21128","*","Chiffre non officiel"
"FBS","Bilans Alimentaires (2010-)","210","Su?de","511","Population totale","2501","Population","2017","2017","1000 personnes","9905","*","Chiffre non officiel"
"FBS","Bilans Alimentaires (2010-)","211","Suisse","511","Population totale","2501","Population","2017","2017","1000 personnes","8456","*","Chiffre non officiel"
"FBS","Bilans Alimentaires (2010-)","207","Suriname","511","Population totale","2501","Population","2017","2017","1000 personnes","570","*","Chiffre non officiel"
"FBS","Bilans Alimentaires (2010-)","208","Tadjikistan","511","Population totale","2501","Population","2017","2017","1000 personnes","8880","*","Chiffre non officiel"
"FBS","Bilans Alimentaires (2010-)","39","Tchad","511","Population totale","2501","Population","2017","2017","1000 personnes","15017","*","Chiffre non officiel"
"FBS","Bilans Alimentaires (2010-)","167","Tch?quie","511","Population totale","2501","Population","2017","2017","1000 personnes","10641","*","Chiffre non officiel"
"FBS","Bilans Alimentaires (2010-)","216","Tha?lande","511","Population totale","2501","Population","2017","2017","1000 personnes","69210","*","Chiffre non officiel"
"FBS","Bilans Alimentaires (2010-)","176","Timor-Leste","511","Population totale","2501","Population","2017","2017","1000 personnes","1243","*","Chiffre non officiel"
"FBS","Bilans Alimentaires (2010-)","217","Togo","511","Population totale","2501","Population","2017","2017","1000 personnes","7698","*","Chiffre non officiel"
"FBS","Bilans Alimentaires (2010-)","220","Trinit?-et-Tobago","511","Population totale","2501","Population","2017","2017","1000 personnes","1384","*","Chiffre non officiel"
"FBS","Bilans Alimentaires (2010-)","222","Tunisie","511","Population totale","2501","Population","2017","2017","1000 personnes","11433","*","Chiffre non officiel"
"FBS","Bilans Alimentaires (2010-)","213","Turkm?nistan","511","Population totale","2501","Population","2017","2017","1000 personnes","5758","*","Chiffre non officiel"
"FBS","Bilans Alimentaires (2010-)","223","Turquie","511","Population totale","2501","Population","2017","2017","1000 personnes","81116","*","Chiffre non officiel"
"FBS","Bilans Alimentaires (2010-)","230","Ukraine","511","Population totale","2501","Population","2017","2017","1000 personnes","44488","*","Chiffre non officiel"
"FBS","Bilans Alimentaires (2010-)","234","Uruguay","511","Population totale","2501","Population","2017","2017","1000 personnes","3437","*","Chiffre non officiel"
"FBS","Bilans Alimentaires (2010-)","155","Vanuatu","511","Population totale","2501","Population","2017","2017","1000 personnes","286","*","Chiffre non officiel"
"FBS","Bilans Alimentaires (2010-)","236","Venezuela (R?publique bolivarienne du)","511","Population totale","2501","Population","2017","2017","1000 personnes","29402","*","Chiffre non officiel"
"FBS","Bilans Alimentaires (2010-)","237","Viet Nam","511","Population totale","2501","Population","2017","2017","1000 personnes","94601","*","Chiffre non officiel"
"FBS","Bilans Alimentaires (2010-)","249","Y?men","511","Population totale","2501","Population","2017","2017","1000 personnes","27835","*","Chiffre non officiel"
"FBS","Bilans Alimentaires (2010-)","251","Zambie","511","Population totale","2501","Population","2017","2017","1000 personnes","16854","*","Chiffre non officiel"
"FBS","Bilans Alimentaires (2010-)","181","Zimbabwe","511","Population totale","2501","Population","2017","2017","1000 personnes","14237","*","Chiffre non officiel"
